{
    "name": "root",
    "gauges": {
        "Pong.Policy.Entropy.mean": {
            "value": 1.3221083879470825,
            "min": 1.3221083879470825,
            "max": 1.4197313785552979,
            "count": 18
        },
        "Pong.Policy.Entropy.sum": {
            "value": 66015.515625,
            "min": 66015.515625,
            "max": 71100.1484375,
            "count": 18
        },
        "Pong.Environment.EpisodeLength.mean": {
            "value": 13574.0,
            "min": 123.56608478802993,
            "max": 13574.0,
            "count": 17
        },
        "Pong.Environment.EpisodeLength.sum": {
            "value": 40722.0,
            "min": 13633.0,
            "max": 195567.0,
            "count": 17
        },
        "Pong.Step.mean": {
            "value": 899998.0,
            "min": 49951.0,
            "max": 899998.0,
            "count": 18
        },
        "Pong.Step.sum": {
            "value": 899998.0,
            "min": 49951.0,
            "max": 899998.0,
            "count": 18
        },
        "Pong.Policy.ExtrinsicValueEstimate.mean": {
            "value": 0.015165985561907291,
            "min": -0.12689855694770813,
            "max": 5.48859167098999,
            "count": 18
        },
        "Pong.Policy.ExtrinsicValueEstimate.sum": {
            "value": 11.874966621398926,
            "min": -104.69131469726562,
            "max": 5318.4453125,
            "count": 18
        },
        "Pong.Environment.CumulativeReward.mean": {
            "value": 0.3333333333333333,
            "min": -1.0,
            "max": 0.5714285714285714,
            "count": 17
        },
        "Pong.Environment.CumulativeReward.sum": {
            "value": 1.0,
            "min": -20.0,
            "max": 26.0,
            "count": 17
        },
        "Pong.Policy.ExtrinsicReward.mean": {
            "value": 0.3333333333333333,
            "min": -1.0,
            "max": 0.5714285714285714,
            "count": 17
        },
        "Pong.Policy.ExtrinsicReward.sum": {
            "value": 1.0,
            "min": -20.0,
            "max": 26.0,
            "count": 17
        },
        "Pong.Losses.PolicyLoss.mean": {
            "value": 0.02267084515653551,
            "min": 0.020627910181259115,
            "max": 0.026930097509951643,
            "count": 18
        },
        "Pong.Losses.PolicyLoss.sum": {
            "value": 0.11335422578267754,
            "min": 0.09301577002430955,
            "max": 0.12996756201609969,
            "count": 18
        },
        "Pong.Losses.ValueLoss.mean": {
            "value": 0.0018972260312875733,
            "min": 0.001562525679085714,
            "max": 2.907560704648495,
            "count": 18
        },
        "Pong.Losses.ValueLoss.sum": {
            "value": 0.009486130156437867,
            "min": 0.00781262839542857,
            "max": 11.63024281859398,
            "count": 18
        },
        "Pong.Policy.LearningRate.mean": {
            "value": 0.0002475729894756759,
            "min": 0.0002475729894756759,
            "max": 0.00029846115051294995,
            "count": 18
        },
        "Pong.Policy.LearningRate.sum": {
            "value": 0.0012378649473783797,
            "min": 0.0010261186779604598,
            "max": 0.00147842976719008,
            "count": 18
        },
        "Pong.Policy.Epsilon.mean": {
            "value": 0.18252432400000002,
            "min": 0.18252432400000002,
            "max": 0.19948705,
            "count": 18
        },
        "Pong.Policy.Epsilon.sum": {
            "value": 0.9126216200000001,
            "min": 0.7420395400000002,
            "max": 0.99280992,
            "count": 18
        },
        "Pong.Policy.Beta.mean": {
            "value": 0.0041279637676,
            "min": 0.0041279637676,
            "max": 0.004974403795,
            "count": 18
        },
        "Pong.Policy.Beta.sum": {
            "value": 0.020639818838,
            "min": 0.017107773046,
            "max": 0.024641215008000004,
            "count": 18
        },
        "Pong.IsTraining.mean": {
            "value": 1.0,
            "min": 1.0,
            "max": 1.0,
            "count": 18
        },
        "Pong.IsTraining.sum": {
            "value": 1.0,
            "min": 1.0,
            "max": 1.0,
            "count": 18
        }
    },
    "metadata": {
        "timer_format_version": "0.1.0",
        "start_time_seconds": "1628433061",
        "python_version": "3.9.1 (tags/v3.9.1:1e5d33e, Dec  7 2020, 17:08:21) [MSC v.1927 64 bit (AMD64)]",
        "command_line_arguments": "D:\\GitHubDesktopWorkspace\\ML-Agents\\Pong\\venv\\Scripts\\mlagents-learn config/pong.yaml --force",
        "mlagents_version": "0.27.0",
        "mlagents_envs_version": "0.27.0",
        "communication_protocol_version": "1.5.0",
        "pytorch_version": "1.7.1+cu110",
        "numpy_version": "1.21.1",
        "end_time_seconds": "1628434771"
    },
    "total": 1709.8264418,
    "count": 1,
    "self": 0.00458880000019235,
    "children": {
        "run_training.setup": {
            "total": 0.09548120000000004,
            "count": 1,
            "self": 0.09548120000000004
        },
        "TrainerController.start_learning": {
            "total": 1709.7263718,
            "count": 1,
            "self": 4.713791099965874,
            "children": {
                "TrainerController._reset_env": {
                    "total": 6.703478400000001,
                    "count": 1,
                    "self": 6.703478400000001
                },
                "TrainerController.advance": {
                    "total": 1698.2621718000341,
                    "count": 235201,
                    "self": 4.479112400063059,
                    "children": {
                        "env_step": {
                            "total": 1465.4465366999837,
                            "count": 235201,
                            "self": 1048.024930500017,
                            "children": {
                                "SubprocessEnvManager._take_step": {
                                    "total": 414.4066988999933,
                                    "count": 235201,
                                    "self": 14.886341399952073,
                                    "children": {
                                        "TorchPolicy.evaluate": {
                                            "total": 399.5203575000412,
                                            "count": 235201,
                                            "self": 179.56043280004542,
                                            "children": {
                                                "TorchPolicy.sample_actions": {
                                                    "total": 219.95992469999578,
                                                    "count": 235201,
                                                    "self": 219.95992469999578
                                                }
                                            }
                                        }
                                    }
                                },
                                "workers": {
                                    "total": 3.014907299973409,
                                    "count": 235200,
                                    "self": 0.0,
                                    "children": {
                                        "worker_root": {
                                            "total": 1693.5429608000113,
                                            "count": 235200,
                                            "is_parallel": true,
                                            "self": 891.5519111000349,
                                            "children": {
                                                "steps_from_proto": {
                                                    "total": 0.0003346000000004068,