{"count":1,"self":66.0824832,"total":77.9401936,"children":{"InitializeActuators":{"count":1,"self":0.0019848,"total":0.0019848,"children":null},"InitializeSensors":{"count":1,"self":0.0029963999999999998,"total":0.0029963999999999998,"children":null},"AgentSendState":{"count":69324,"self":0.7117431,"total":0.88007079999999993,"children":{"CollectObservations":{"count":7830,"self":0.033960199999999996,"total":0.033960199999999996,"children":null},"WriteActionMask":{"count":7830,"self":0.043089699999999995,"total":0.043089699999999995,"children":null},"RequestDecision":{"count":7830,"self":0.091277799999999992,"total":0.091277799999999992,"children":null}}},"DecideAction":{"count":69324,"self":8.3352376,"total":8.3802539,"children":{"RayPerceptionSensor.Perceive":{"count":7830,"self":0.045016,"total":0.045016,"children":null}}},"AgentAct":{"count":69324,"self":2.5914048,"total":2.5914048999999997,"children":null}},"gauges":{"Dino.CumulativeReward":{"count":243,"max":5100,"min":0,"runningAverage":56.8641968,"value":30,"weightedAverage":29.95636}},"metadata":{"timer_format_version":"0.1.0","start_time_seconds":"1628115503","unity_version":"2019.4.25f1","command_line_arguments":"D:\\Programme\\UnityEditors\\2019.4.25f1\\Editor\\Unity.exe -projectpath D:\/GitHubDesktopWorkspace\/ML-Agents\/Dino-Game -useHub -hubIPC -cloudEnvironment production -hubSessionId 26a04730-f502-11eb-92d1-4197d89639a9 -accessToken N2yXUiUivVsq2QE3Jpvbia35lviECkoUPXzFIxei2-0008f","communication_protocol_version":"1.5.0","com.unity.ml-agents_version":"2.1.0-exp.1","scene_name":"SampleScene","end_time_seconds":"1628115581"}}