{
    "name": "root",
    "gauges": {
        "Dino.Policy.Entropy.mean": {
            "value": 0.015870438888669014,
            "min": 0.015870438888669014,
            "max": 0.6494856476783752,
            "count": 10
        },
        "Dino.Policy.Entropy.sum": {
            "value": 794.426513671875,
            "min": 794.426513671875,
            "max": 32485.97265625,
            "count": 10
        },
        "Dino.Environment.EpisodeLength.mean": {
            "value": 6.006858902575588,
            "min": 1.8571918199474466,
            "max": 6.037860661505982,
            "count": 10
        },
        "Dino.Environment.EpisodeLength.sum": {
            "value": 42913.0,
            "min": 32512.0,
            "max": 42923.0,
            "count": 10
        },
        "Dino.Step.mean": {
            "value": 499998.0,
            "min": 49993.0,
            "max": 499998.0,
            "count": 10
        },
        "Dino.Step.sum": {
            "value": 499998.0,
            "min": 49993.0,
            "max": 499998.0,
            "count": 10
        },
        "Dino.Policy.ExtrinsicValueEstimate.mean": {
            "value": 25.21706199645996,
            "min": 6.3279128074646,
            "max": 25.286996841430664,
            "count": 10
        },
        "Dino.Policy.ExtrinsicValueEstimate.sum": {
            "value": 179948.953125,
            "min": 110744.8046875,
            "max": 209799.3125,
            "count": 10
        },
        "Dino.Environment.CumulativeReward.mean": {
            "value": 26.00770739910314,
            "min": 12.714702017027598,
            "max": 26.01360830527497,
            "count": 10
        },
        "Dino.Environment.CumulativeReward.sum": {
            "value": 185591.0,
            "min": 184483.0,
            "max": 222520.0,
            "count": 10
        },
        "Dino.Policy.ExtrinsicReward.mean": {
            "value": 26.00770739910314,
            "min": 12.714702017027598,
            "max": 26.01360830527497,
            "count": 10
        },
        "Dino.Policy.ExtrinsicReward.sum": {
            "value": 185591.0,
            "min": 184483.0,
            "max": 222520.0,
            "count": 10
        },
        "Dino.Losses.PolicyLoss.mean": {
            "value": 0.02193229563223819,
            "min": 0.02193229563223819,
            "max": 0.02790196736653646,
            "count": 10
        },
        "Dino.Losses.PolicyLoss.sum": {
            "value": 0.10966147816119096,
            "min": 0.09199905314017087,
            "max": 0.1395098368326823,
            "count": 10
        },
        "Dino.Losses.ValueLoss.mean": {
            "value": 0.4856548331181208,
            "min": 0.4856548331181208,
            "max": 87.93884172439576,
            "count": 10
        },
        "Dino.Losses.ValueLoss.sum": {
            "value": 2.428274165590604,
            "min": 2.4263574928045273,
            "max": 351.75536689758303,
            "count": 10
        },
        "Dino.Policy.LearningRate.mean": {
            "value": 1.585797471403999e-05,
            "min": 1.585797471403999e-05,
            "max": 0.00028460925513024995,
            "count": 10
        },
        "Dino.Policy.LearningRate.sum": {
            "value": 7.928987357019996e-05,
            "min": 7.928987357019996e-05,
            "max": 0.0012845694718101996,
            "count": 10
        },
        "Dino.Policy.Epsilon.mean": {
            "value": 0.10528596000000001,
            "min": 0.10528596000000001,
            "max": 0.19486975000000004,
            "count": 10
        },
        "Dino.Policy.Epsilon.sum": {
            "value": 0.5264298000000001,
            "min": 0.4994976000000001,
            "max": 0.9281898,
            "count": 10
        },
        "Dino.Policy.Beta.mean": {
            "value": 0.00027376940399999994,
            "min": 0.00027376940399999994,
            "max": 0.004744000525,
            "count": 10
        },
        "Dino.Policy.Beta.sum": {
            "value": 0.0013688470199999998,
            "min": 0.0013688470199999998,
            "max": 0.021416671020000003,
            "count": 10
        },
        "Dino.IsTraining.mean": {
            "value": 1.0,
            "min": 1.0,
            "max": 1.0,
            "count": 10
        },
        "Dino.IsTraining.sum": {
            "value": 1.0,
            "min": 1.0,
            "max": 1.0,
            "count": 10
        }
    },
    "metadata": {
        "timer_format_version": "0.1.0",
        "start_time_seconds": "1628108519",
        "python_version": "3.9.1 (tags/v3.9.1:1e5d33e, Dec  7 2020, 17:08:21) [MSC v.1927 64 bit (AMD64)]",
        "command_line_arguments": "D:\\GitHubDesktopWorkspace\\ML-Agents\\Dino-Game\\venv\\Scripts\\mlagents-learn --force",
        "mlagents_version": "0.27.0",
        "mlagents_envs_version": "0.27.0",
        "communication_protocol_version": "1.5.0",
        "pytorch_version": "1.7.1+cu110",
        "numpy_version": "1.21.1",
        "end_time_seconds": "1628109606"
    },
    "total": 1087.5563327999998,
    "count": 1,
    "self": 0.00828719999981331,
    "children": {
        "run_training.setup": {
            "total": 0.031218200000000085,
            "count": 1,
            "self": 0.031218200000000085
        },
        "TrainerController.start_learning": {
            "total": 1087.5168274,
            "count": 1,
            "self": 1.0952376999937314,
            "children": {
                "TrainerController._reset_env": {
                    "total": 10.418063700000001,
                    "count": 1,
                    "self": 10.418063700000001
                },
                "TrainerController.advance": {
                    "total": 1075.9571658000064,
                    "count": 56035,
                    "self": 1.0266980000162675,
                    "children": {
                        "env_step": {
                            "total": 821.4049919999876,
                            "count": 56035,
                            "self": 717.6776662999785,
                            "children": {
                                "SubprocessEnvManager._take_step": {
                                    "total": 103.05600720000004,
                                    "count": 56035,
                                    "self": 2.3873686999892385,
                                    "children": {
                                        "TorchPolicy.evaluate": {
                                            "total": 100.6686385000108,
                                            "count": 41786,
                                            "self": 45.09604730002557,
                                            "children": {
                                                "TorchPolicy.sample_actions": {
                                                    "total": 55.57259119998523,
                                                    "count": 41786,
                                                    "self": 55.57259119998523
                                                }
                                            }
                                        }
                                    }
                                },
                                "workers": {
                                    "total": 0.6713185000091126,
                                    "count": 56035,
                                    "self": 0.0,
                                    "children": {
                                        "worker_root": {
                                            "total": 1078.90371359999,
                                            "count": 56035,
                                            "is_parallel": true,
                                            "self": 424.35126909999724,