{
    "name": "root",
    "metadata": {
        "timer_format_version": "0.1.0",
        "start_time_seconds": "1628088715",
        "python_version": "3.9.1 (tags/v3.9.1:1e5d33e, Dec  7 2020, 17:08:21) [MSC v.1927 64 bit (AMD64)]",
        "command_line_arguments": "D:\\GitHubDesktopWorkspace\\ML-Agents\\Dino-Game\\venv\\Scripts\\mlagents-learn --force",
        "mlagents_version": "0.27.0",
        "mlagents_envs_version": "0.27.0",
        "communication_protocol_version": "1.5.0",
        "pytorch_version": "1.7.1+cu110",
        "numpy_version": "1.21.1",
        "end_time_seconds": "1628088913"
    },
    "total": 198.6385925,
    "count": 1,
    "self": 0.008608199999997623,
    "children": {
        "run_training.setup": {
            "total": 0.0936490000000001,
            "count": 1,
            "self": 0.0936490000000001
        },
        "TrainerController.start_learning": {
            "total": 198.5363353,
            "count": 1,
            "self": 0.3943664000005356,
            "children": {
                "TrainerController._reset_env": {
                    "total": 12.7362947,
                    "count": 1,
                    "self": 12.7362947
                },
                "TrainerController.advance": {
                    "total": 185.26209779999945,
                    "count": 9134,
                    "self": 0.39040169999890395,
                    "children": {
                        "env_step": {
                            "total": 163.14419329999959,
                            "count": 9134,
                            "self": 110.92282399999893,
                            "children": {
                                "SubprocessEnvManager._take_step": {
                                    "total": 51.9687358999996,
                                    "count": 9134,
                                    "self": 1.2653875999997481,
                                    "children": {
                                        "TorchPolicy.evaluate": {
                                            "total": 50.70334829999985,
                                            "count": 9134,
                                            "self": 20.573178300000414,
                                            "children": {
                                                "TorchPolicy.sample_actions": {
                                                    "total": 30.13016999999944,
                                                    "count": 9134,
                                                    "self": 30.13016999999944
                                                }
                                            }
                                        }
                                    }
                                },
                                "workers": {
                                    "total": 0.2526334000010557,
                                    "count": 9133,
                                    "self": 0.0,
                                    "children": {
                                        "worker_root": {
                                            "total": 188.48603440000142,
                                            "count": 9133,
                                            "is_parallel": true,
                                            "self": 99.3949546000008,
                                            "children": {
                                                "steps_from_proto": {
                                                    "total": 0.0007783999999997349,
                                                    "count": 1,
                                                    "is_parallel": true,
                                                    "self": 0.00038369999999865456,
                                                    "children": {
                                                        "_process_rank_one_or_two_observation": {
                                                            "total": 0.0003947000000010803,
                                                            "count": 4,
                                                            "is_parallel": true,
                                                            "self": 0.0003947000000010803
                                                        }
                                                    }
                                                },
                                                "UnityEnvironment.step": {
                                                    "total": 89.09030140000061,
                                                    "count": 9133,
                                                    "is_parallel": true,
                                                    "self": 2.2987521000014794,
                                                    "children": {
                                                        "UnityEnvironment._generate_step_input": {
                                                            "total": 2.6226300999997694,
                                                            "count": 9133,
                                                            "is_parallel": true,
                                                            "self": 2.6226300999997694
                                                        },
                                                        "communicator.exchange": {
                                                            "total": 75.70477620000005,
                                                            "count": 9133,
                                                            "is_parallel": true,
                                                            "self": 75.70477620000005
                                                        },
                                                        "steps_from_proto": {
                                                            "total": 8.464142999999313,
                                                            "count": 9133,
                                                            "is_parallel": true,
                                                            "self": 4.643800500002424,
                                                            "children": {
                                                                "_process_rank_one_or_two_observation": {
                                                                    "total": 3.8203424999968885,
                                                                    "count": 36532,
                                                                    "is_parallel": true,
                                                                    "self": 3.8203424999968885
                                                                }
                                                            }
                                                        }
                                                    }
                                                }
                                            }
                                        }
                                    }
                                }
                            }
                        },
                        "trainer_advance": {
                            "total": 21.727502800000966,
                            "count": 9133,
                            "self": 0.4576159000015281,
                            "children": {
                                "process_trajectory": {
                                    "total": 6.313473699999438,
                                    "count": 9133,
                                    "self": 6.313473699999438
                                },
                                "_update_policy": {
                                    "total": 14.9564132,